{"Total Time": 110, "Total Vehicles": 6, "Average Vehicles/sec": 0.05454545454545454, "Max Vehicles in frame/sec": 0.045454545454545456}