{"Total Time": 642, "Total Vehicles": 34, "Average Vehicles/sec": 0.0529595015576324, "Max Vehicles in frame/sec": 0.017133956386292833}