{"Total Time": 106, "Total Vehicles": 9, "Average Vehicles/sec": 0.08490566037735849, "Max Vehicles in frame/sec": 0.09433962264150944}