{"Total Time": 23, "Total Vehicles": 7, "Average Vehicles/sec": 0.30434782608695654, "Max Vehicles in frame/sec": 0.34782608695652173}