{"Total Time": 18, "Total Vehicles": 5, "Average Vehicles/sec": 0.2777777777777778, "Max Vehicles in frame/sec": 0.2777777777777778}